<Ticker>,<DTYYYYMMDD>,<Open>,<High>,<Low>,<Close>,<Volume>
^HASTC,6/6/2011,0,0,0,73.4,23254812
^HASTC,6/3/2011,0,0,0,73.9,68323807
^HASTC,6/2/2011,0,0,0,74,28185750
^HASTC,6/1/2011,0,0,0,71.7,27966000
^HASTC,5/31/2011,0,0,0,69.5,28641400
^HASTC,5/30/2011,0,0,0,69.6,28535200
^HASTC,5/27/2011,0,0,0,70.8,31849260
^HASTC,5/26/2011,0,0,0,70.3,58709824
^HASTC,5/25/2011,0,0,0,69,31184040
^HASTC,5/24/2011,0,0,0,71.9,35185353
^HASTC,5/23/2011,0,0,0,74.5,31337800
^HASTC,5/20/2011,0,0,0,77,25769700
^HASTC,5/19/2011,0,0,0,78.2,23182100
^HASTC,5/18/2011,0,0,0,78.9,28672400
^HASTC,5/17/2011,0,0,0,79.6,24855700
^HASTC,5/16/2011,0,0,0,81,22432075
^HASTC,5/13/2011,0,0,0,82,19096250
^HASTC,5/12/2011,0,0,0,82.3,20249792
^HASTC,5/11/2011,0,0,0,82.7,18628800
^HASTC,5/10/2011,0,0,0,82.9,24956000
^HASTC,5/9/2011,0,0,0,83.3,30446340
^HASTC,5/6/2011,82.7,82.7,81.9,82.7,2976049
^HASTC,5/5/2011,83.3,83.4,82,82.1,22861449
^HASTC,5/4/2011,83.7,84,83.1,83.2,19682500
^HASTC,4/29/2011,83.5,84.2,83.2,83.6,29444740
^HASTC,4/28/2011,84.2,84.3,83.2,83.3,23076199
^HASTC,4/27/2011,84,84.8,83.4,83.5,19212005
^HASTC,4/26/2011,85.9,86,83.3,83.7,29632575
^HASTC,4/25/2011,83.8,85.8,83.6,85.3,34458806
^HASTC,4/22/2011,84.2,84.8,82.8,83.9,28056709
^HASTC,4/21/2011,86,86.1,84.1,84.2,23195620
^HASTC,4/20/2011,86.4,86.9,85.8,86,20909400
^HASTC,4/19/2011,86.7,86.9,85.9,86.2,22008160
^HASTC,4/18/2011,88.1,88.3,86.2,86.5,25584250
^HASTC,4/15/2011,89.2,89.9,88,88,22467670
^HASTC,4/14/2011,89.5,90,88.9,89.1,17996800
^HASTC,4/13/2011,90.1,90.4,89.3,89.4,18755600
^HASTC,4/8/2011,90.6,90.8,90.1,90.3,17059865
^HASTC,4/7/2011,91.6,91.9,90.6,90.7,21562700
^HASTC,4/6/2011,90.8,91.9,90.4,91.8,28001000
^HASTC,4/5/2011,90.1,90.6,89.7,90.6,22315483
^HASTC,4/4/2011,91.1,91.3,90,90.1,20474900
^HASTC,4/1/2011,91.6,91.8,90.9,91,22676240
^HASTC,3/31/2011,91.5,92.4,91.1,91.5,24550347
^HASTC,3/30/2011,91.5,92,90.7,91.5,30430900
^HASTC,3/29/2011,93.1,93.4,91.7,91.9,63357660
^HASTC,3/28/2011,93.1,94.2,92.9,93.1,28172700
^HASTC,3/25/2011,93.4,93.6,92.5,92.8,37521800
^HASTC,3/24/2011,94.3,94.5,93.1,93.3,32305900
^HASTC,3/23/2011,93.2,94.1,92.7,94.1,29028000
^HASTC,3/22/2011,95.1,95.1,92.9,93.2,37489194
^HASTC,3/21/2011,95.7,96.7,94.8,94.8,44551429
^HASTC,3/18/2011,92.9,95.2,92.4,95.2,53106900
^HASTC,3/17/2011,92.1,93.1,91.5,92.4,32650200
^HASTC,3/16/2011,90.9,92,90.8,92,29548800
^HASTC,3/15/2011,91.2,92.5,90.6,91,28528578
^HASTC,3/14/2011,95.8,96,91.5,91.9,49602674
^HASTC,3/11/2011,93.1,95.2,92.4,94.8,29451222
^HASTC,3/10/2011,88.4,92.4,88.4,92.3,32128000
^HASTC,3/9/2011,90.2,90.3,87.9,88.5,31807149
^HASTC,3/8/2011,90.7,91.7,90,90,30138551
^HASTC,3/7/2011,90.7,91.4,90.4,90.7,37226100
^HASTC,3/4/2011,90.1,91.1,89.8,90.9,24697596
^HASTC,3/3/2011,90.3,91.6,89.9,90.1,32567800
^HASTC,3/2/2011,95,95.2,91,91.2,53980250
^HASTC,3/1/2011,96.1,96.2,95,95.2,20882800
^HASTC,2/28/2011,97.4,98.3,95.8,95.9,32024203
^HASTC,2/25/2011,96.6,97.4,95.4,97.4,28044100
^HASTC,2/24/2011,96.7,97,93.5,95.6,34761346
^HASTC,2/23/2011,95.2,97.1,95.2,97,32844500
^HASTC,2/22/2011,94.5,96.6,94.1,95.5,41885800
^HASTC,2/21/2011,101.8,102.3,96.5,96.6,36064800
^HASTC,2/18/2011,103.9,104.2,101.9,102.3,27971000
^HASTC,2/17/2011,105.5,105.8,103.8,104,26172600
^HASTC,2/16/2011,106.9,107.1,105.3,105.5,19952940
^HASTC,2/15/2011,107.5,107.5,106,106.7,26196600
^HASTC,2/14/2011,108,108.8,107.1,107.4,25667122
^HASTC,2/11/2011,107.7,108,107,107.8,19167500
^HASTC,2/10/2011,109,109.2,107.5,107.7,17476400
^HASTC,2/9/2011,108.2,110.7,107.2,108.4,27631800
^HASTC,2/8/2011,107.4,108.2,106.6,107.7,15189600
^HASTC,1/28/2011,106.7,107.6,106.4,106.6,21982617
^HASTC,1/27/2011,106,106.7,105.7,106.6,19113900
^HASTC,1/26/2011,104.4,105.8,104.4,105.8,15798900
^HASTC,1/25/2011,108,106.6,104.9,105.3,24179490
^HASTC,1/24/2011,108,109,106.1,106.2,26590200
^HASTC,1/21/2011,106.8,109.6,106.8,107.9,26856100
^HASTC,1/20/2011,107.6,108.4,107,107,21575480
^HASTC,1/19/2011,107.6,108.5,106.7,107.3,22872000
^HASTC,12/31/2009,165.6,170.2,165.6,168.2,31725100
^HASTC,12/30/2009,160.2,165,160,164.9,29063957
^HASTC,12/29/2009,161.8,163.3,159.8,160.1,22883000
^HASTC,12/28/2009,162.7,164.7,161,161.8,26695717
^HASTC,12/25/2009,156.8,162.2,156.8,162,21327020
^HASTC,12/24/2009,153.6,157.1,151.4,157,23134345
^HASTC,12/23/2009,149.5,153.6,148,153.3,22668600
^HASTC,12/22/2009,151.5,153.6,149.5,149.5,24574550
^HASTC,12/21/2009,143.5,150.5,143.5,150.3,14856400
^HASTC,12/18/2009,138.3,143.8,137.6,143.3,15527100
^HASTC,12/17/2009,137.1,138.3,133.4,138.2,19378200
^HASTC,12/16/2009,143.6,144.1,137.3,137.5,14278000
^HASTC,12/15/2009,147.5,149.2,143.6,143.6,14293366
^HASTC,12/14/2009,139.2,147.1,138.7,146.9,17877000
^HASTC,12/11/2009,144.5,145.5,139.2,140,17569484
^HASTC,12/10/2009,147.9,150.4,143.8,144.5,16401600
^HASTC,12/9/2009,155.5,155.6,147.6,147.9,18723000
^HASTC,12/8/2009,160.1,160.9,155.4,155.4,13716821
^HASTC,12/7/2009,160,160.7,158.5,160.1,15611000
^HASTC,12/4/2009,159.4,160.6,158,159.4,13320500
^HASTC,12/3/2009,160.1,162,157,159,18762400
^HASTC,12/2/2009,172.4,172.4,159.3,160,23638300
^HASTC,12/1/2009,164.6,169.3,163.9,168.7,21049800
^HASTC,11/30/2009,155,161.9,154.7,161.8,21751100
^HASTC,11/27/2009,149.9,162.8,146.3,155.4,40345200
^HASTC,11/26/2009,162.1,162.1,155.2,155.2,18306500
^HASTC,11/25/2009,175.2,175.2,164.7,164.9,23414900
^HASTC,11/24/2009,179.5,180.8,175.2,175.2,19634666
^HASTC,11/23/2009,184.8,185.8,178.4,179.1,22819900
^HASTC,11/20/2009,185.7,188,184.3,184.8,24431000
^HASTC,11/19/2009,185.2,186.8,184.3,185.7,26594404
^HASTC,11/18/2009,183.4,185.5,180.8,185.2,26218100
^HASTC,11/17/2009,183.3,186.1,182.2,182.7,21969300
^HASTC,11/16/2009,184.8,185.8,182.8,183.2,25319300
^HASTC,11/13/2009,184.4,185,181.7,183.6,22776596
^HASTC,11/12/2009,182.9,186.2,182.9,184.4,23106700
^HASTC,11/11/2009,177.3,183.4,176.9,182.6,27987700
^HASTC,11/10/2009,182.3,184.2,175.4,177.3,25037397
^HASTC,11/9/2009,187.8,190.3,181.4,181.8,21051800
^HASTC,11/6/2009,190.8,197.9,189,189.1,34644300
^HASTC,11/5/2009,185.4,190.8,185.2,190.3,32226500
^HASTC,11/4/2009,182,187,181.5,185,36998700
^HASTC,11/3/2009,189.6,189.6,180.7,183.1,33651500
^HASTC,11/2/2009,190.5,190.5,186.9,188,32378100
^HASTC,10/30/2009,195.6,204,195.6,199.4,41617200
^HASTC,10/29/2009,202.7,202.8,192.8,196.1,42055200
^HASTC,10/28/2009,204.4,206.8,202.2,203.5,37746400
^HASTC,10/27/2009,210.2,210.2,200.8,204.4,41710400
^HASTC,10/26/2009,214.8,216.1,209.2,209.8,41865600
^HASTC,10/23/2009,219.2,222.6,211.9,214.3,67237200
^HASTC,10/22/2009,220,220.4,216,218.4,65524000
^HASTC,10/21/2009,215.8,217.7,213.9,217.7,57867170
^HASTC,10/20/2009,210.5,215.4,210.5,214.9,52595100
^HASTC,10/19/2009,208.8,210.1,206.5,210.1,52155100
^HASTC,10/16/2009,214,215.1,206.1,206.8,56172200
^HASTC,10/15/2009,209,214.9,209,211.5,57845400
^HASTC,10/14/2009,199.7,205.8,198,205.4,55075100
^HASTC,10/13/2009,198.6,202.3,197.1,197.5,62361100
^HASTC,10/12/2009,192.4,196.8,192.4,196.7,41068800
^HASTC,10/9/2009,185.4,190.3,185.4,189.7,42609100
^HASTC,10/8/2009,181.3,184.5,180.9,184.4,40585864
^HASTC,10/7/2009,177.1,181.3,177.1,181,35019300
^HASTC,10/6/2009,175.9,178.5,175.9,176.9,25326500
^HASTC,10/5/2009,177.2,178,173.3,175.4,28599100
^HASTC,10/2/2009,180.8,180.9,172.4,177.3,43800900
^HASTC,10/1/2009,186,186.1,181.1,181.4,41392100
^HASTC,9/30/2009,185.2,186.6,183.2,184.3,40301300
^HASTC,9/29/2009,185.2,187.7,184.6,185.1,35020800
^HASTC,9/28/2009,183.6,186.6,183.6,184.4,36707800
^HASTC,9/25/2009,181.1,183.6,179.6,183.5,39469200
^HASTC,9/24/2009,181.2,183.3,180.1,180.8,37764200
^HASTC,9/23/2009,181.2,187.1,180.6,181.1,54193785
^HASTC,9/22/2009,177.8,180.2,177.8,179.6,39823200
^HASTC,9/21/2009,177.7,178.7,177.2,177.8,33791600
^HASTC,9/18/2009,175,176.5,173.8,176.5,37922800
^HASTC,9/17/2009,174.9,177.2,173.2,174.7,40839800
^HASTC,9/16/2009,173.9,177.3,173.9,174.9,41790600
^HASTC,9/15/2009,173.8,174.2,171.1,173.3,41577700
^HASTC,9/14/2009,169.3,172.5,169.2,171.8,41132900
^HASTC,9/11/2009,167.6,169.4,167.4,169.2,31811600
^HASTC,9/10/2009,167.1,168.2,166.1,167.3,28021400
^HASTC,9/9/2009,167.9,170,166.8,167,27062130
^HASTC,9/8/2009,164.7,168.2,164.5,167.8,25312700
^HASTC,9/7/2009,167.8,167.8,161.3,164.7,27969000
^HASTC,9/4/2009,169.7,171.1,165.3,166.9,39755700
^HASTC,9/3/2009,0,0,0,169.7,33099800
^HASTC,9/1/2009,174,174.3,171.3,172.2,39636800
^HASTC,8/31/2009,169,172.3,169,172.2,37810900
^HASTC,8/28/2009,163.8,167.6,163.8,167.6,38435300
^HASTC,8/27/2009,164.5,165.1,163.2,164.1,27325500
^HASTC,8/26/2009,163.7,165.1,163.4,164.4,28749900
^HASTC,8/25/2009,164.6,164.9,162.7,163.6,29581100
^HASTC,8/24/2009,163.7,166.3,163.7,164.6,33926100
^HASTC,8/21/2009,161.4,166.2,161.4,162,44474700
^HASTC,8/20/2009,159.8,161.2,159.7,160.5,27694300
^HASTC,8/19/2009,157,159.3,157,158.9,25085600
^HASTC,8/18/2009,155.8,156.7,153.8,156.4,22361340
^HASTC,8/17/2009,157.2,157.2,154.9,155.8,19828400
^HASTC,8/14/2009,159,159.2,156.4,157.2,21772900
^HASTC,8/13/2009,157.8,162.5,157.5,157.9,29455300
^HASTC,8/12/2009,156.1,158.7,155.3,156.4,27960250
^HASTC,8/11/2009,154.9,156,153.8,156,25271400
^HASTC,8/10/2009,151.8,154.9,151.8,154.7,21655800
^HASTC,8/7/2009,153,153,151,151.7,22865900
^HASTC,8/6/2009,160.8,163.4,152.8,152.9,24328631
^HASTC,8/5/2009,153.1,154.1,152,153.9,18808840
^HASTC,8/4/2009,151.2,154.9,151.2,153,19728100
^HASTC,8/3/2009,154,154.4,150.5,150.9,17156900
^HASTC,7/31/2009,148.6,154.3,148.6,153.9,23623100
^HASTC,7/30/2009,152.2,152.7,147.9,148.9,17598000
^HASTC,7/29/2009,154.8,158.3,151.9,152.1,20032600
^HASTC,7/28/2009,161.6,163.1,154.7,154.8,31614960
^HASTC,7/27/2009,156.1,163.5,156.1,161.1,27872300
^HASTC,7/24/2009,149,154.6,149,154.6,18058100
^HASTC,7/23/2009,140.5,148,138.7,147.6,20070000
^HASTC,7/22/2009,141,142.2,139.7,139.8,10366000
^HASTC,7/21/2009,138.7,141.4,138.7,140.4,9296500
^HASTC,7/20/2009,138.6,147.8,144,138.6,11746200
^HASTC,7/17/2009,146.6,147.8,143.9,144.2,11353100
^HASTC,7/16/2009,143.4,148.1,143.4,145.8,12712800
^HASTC,7/15/2009,140.7,143.7,140.7,142.9,11425700
^HASTC,7/14/2009,142.5,145.2,139,140.7,13316200
^HASTC,7/13/2009,146.4,146.5,141.4,141.6,14149800
^HASTC,7/10/2009,148.4,149.2,144.6,146.4,18942200
^HASTC,7/9/2009,149.3,150.2,148.2,148.4,12087000
^HASTC,7/8/2009,150.9,150.9,147.5,149.3,11208600
^HASTC,7/7/2009,153.7,154.3,149.9,150.7,15511326
^HASTC,7/6/2009,146.2,152.2,145.5,152.1,14753000
^HASTC,7/3/2009,145.9,146.1,140,145.8,13452200
^HASTC,7/2/2009,142.2,146.2,140.8,146,19978800
^HASTC,7/1/2009,148.9,148.9,141.8,142.5,20683700
^HASTC,6/30/2009,155.6,159.1,148.3,149,18753700
^HASTC,6/29/2009,155.5,157.2,153.4,153.8,14319400
^HASTC,6/26/2009,154.7,159.6,154.1,155.7,18307400
^HASTC,6/25/2009,160.8,163.3,153.4,154.4,24191200
^HASTC,6/24/2009,148.1,158.1,145,157.6,22021100
^HASTC,6/23/2009,153.3,153.3,149.2,149.2,19604400
^HASTC,6/22/2009,169,170,158.6,158.7,18589200
^HASTC,6/19/2009,173.3,173.3,165.7,167.9,23991037
^HASTC,6/18/2009,170,170,165.9,168.5,24327500
^HASTC,6/17/2009,158.3,167.6,155.2,167,41230500
^HASTC,6/16/2009,173.9,173.9,164.6,165,21067500
^HASTC,6/15/2009,183,184.6,174.8,175.8,38923700
^HASTC,6/12/2009,187.2,192.8,182.8,182.9,39785900
^HASTC,6/11/2009,179.8,186.6,176.6,186.2,39955400
^HASTC,6/10/2009,188.8,190.4,175.4,179.7,49304600
^HASTC,6/9/2009,185.6,191.9,185.3,186.2,56521170
^HASTC,6/8/2009,173.5,181.1,173.5,181,25218800
^HASTC,6/5/2009,163.9,169.5,163.2,169.5,40285737
^HASTC,6/4/2009,155,160.3,154.3,159.4,35324900
^HASTC,6/3/2009,155.6,157.1,153.8,154.9,32514542
^HASTC,6/2/2009,151.1,157.6,151.1,154.6,32946100
^HASTC,6/1/2009,144.4,149.7,144.4,149.6,25762192
^HASTC,5/29/2009,142.3,145.7,139.7,144.1,27549500
^HASTC,5/28/2009,147.9,148,141.8,142.3,26547969
^HASTC,5/27/2009,150.6,154.9,147,148.3,31212000
^HASTC,5/26/2009,152.3,154.1,148.6,150.2,33821334
^HASTC,5/25/2009,141.9,148.8,140.9,148.6,27605400
^HASTC,5/22/2009,143.2,143.2,137.9,141.4,42389600
^HASTC,5/21/2009,142.9,143.9,140.3,142.5,35338800
^HASTC,5/20/2009,142.8,144.2,140.2,142.7,36753000
^HASTC,5/19/2009,139.8,144,139.8,142.1,27242226
^HASTC,5/18/2009,140.1,140.7,136.5,136.8,30262900
^HASTC,5/15/2009,131.9,136.2,131.8,136.2,28151342
^HASTC,5/14/2009,129.8,130.5,127.2,130.2,28151600
^HASTC,5/13/2009,133.8,134.1,130.2,131.2,25350900
^HASTC,5/12/2009,130.8,133.5,127,132.8,28437700
^HASTC,5/11/2009,133.6,133.6,130.1,130.6,24925294
^HASTC,5/8/2009,128.5,132.7,128.5,131.2,30909580
^HASTC,5/7/2009,130.4,132.3,128.9,132.1,25657900
^HASTC,5/6/2009,127.8,129.8,123.5,124.4,39522927
^HASTC,5/5/2009,122.2,129.6,122.2,127.6,24050600
^HASTC,5/4/2009,117.5,121.5,117.5,121.5,8702300
^HASTC,4/29/2009,112.7,115.4,111.8,115,15390100
^HASTC,4/28/2009,109,112,108.9,112,13342900
^HASTC,4/27/2009,109.6,111.6,109.1,109.3,17435600
^HASTC,4/24/2009,112.8,113.9,108.7,110.2,13428297
^HASTC,4/23/2009,117,117,112.8,113.6,12618000
^HASTC,4/22/2009,110.8,115.9,110.8,115.3,22668266
^HASTC,4/21/2009,113.4,113.5,109.1,110.7,14858300
^HASTC,4/20/2009,122.7,122.7,116.3,116.3,10087300
^HASTC,4/17/2009,131.5,133,122.1,122.6,32447880
^HASTC,4/16/2009,128.1,134.3,128.1,129.4,21346000
^HASTC,4/15/2009,131.3,134.4,127.9,127.9,29641800
^HASTC,4/14/2009,129.8,133.9,129.1,130.9,28658150
^HASTC,4/13/2009,121.6,126.4,121.6,126.4,11866400
^HASTC,4/10/2009,114.3,118.7,114.3,118.6,19117400
^HASTC,4/9/2009,109.3,113.8,109.3,111.5,20126950
^HASTC,4/8/2009,114,115,108.9,108.9,30219900
^HASTC,4/7/2009,111,114.5,108.3,114.3,23735800
^HASTC,4/3/2009,103.9,109.1,103.9,108.8,21623766
^HASTC,4/2/2009,101.3,103.8,101.3,102.7,16460200
^HASTC,4/1/2009,98.7,100.9,98.7,100.8,11881100
^HASTC,3/31/2009,97.3,98.5,95.4,98.4,10736600
^HASTC,3/30/2009,98.4,98.8,96,97.3,10238400
^HASTC,3/27/2009,100.3,101.8,98.2,98.6,17104700
^HASTC,3/26/2009,98.4,100.9,98.4,100,13268700
^HASTC,3/25/2009,98.7,99.9,96.4,98.4,12385000
^HASTC,3/24/2009,93.5,98.8,93.5,98.7,15563400
^HASTC,3/23/2009,95.5,96,92.6,93.1,10063250
^HASTC,3/20/2009,95.3,98.6,95.2,95.6,11175800
^HASTC,3/19/2009,100.5,103,96.2,96.3,21767881
^HASTC,3/18/2009,93.7,98.2,93.7,98.1,15665263
^HASTC,3/17/2009,90,93.7,90,93.6,14947800
^HASTC,3/16/2009,88.8,90.4,88.6,90.2,7202060
^HASTC,3/13/2009,88.1,90.5,88.1,88.7,6389119
^HASTC,3/12/2009,90.6,90.8,87.2,87.5,9530200
^HASTC,3/11/2009,89.2,91.6,89.2,90.5,10366200
^HASTC,3/10/2009,85.8,87.6,85.3,87.5,8404414
^HASTC,3/9/2009,84.2,85.5,84.2,85.5,4498500
^HASTC,3/6/2009,84.7,84.7,83.2,84.6,4432800
^HASTC,3/5/2009,82.6,85.5,82.6,84.8,4903700
^HASTC,3/4/2009,81.8,82.6,81.5,82.5,3186200
^HASTC,3/3/2009,83.4,83.4,81.7,81.8,5203100
^HASTC,3/2/2009,83.5,84.2,82.1,83.6,3715610
^HASTC,2/27/2009,82.3,84.3,80.8,84,4679800
^HASTC,2/26/2009,82.2,83.1,80,82.1,6451400
^HASTC,2/25/2009,78,82.1,78,81.9,5885500
^HASTC,2/24/2009,80.6,80.6,77.5,78.1,5918900
^HASTC,2/23/2009,84.2,84.3,80.1,80.3,4444375
^HASTC,2/20/2009,85.1,85.3,83.4,84.2,3367600
^HASTC,2/19/2009,84.4,86.3,84.3,85.3,4060100
^HASTC,2/18/2009,87.7,87.7,84.3,84.6,4673800
^HASTC,2/17/2009,90,90.3,87.2,88,4411400
^HASTC,2/16/2009,90.8,91.4,89.7,90,2776100
^HASTC,2/13/2009,91.4,91.5,90.7,90.9,2776400
^HASTC,2/12/2009,91.3,92,90.8,91.4,2781600
^HASTC,2/11/2009,92.8,92.8,91,91.3,3148600
^HASTC,2/10/2009,95.7,96,92.8,93,3299400
^HASTC,2/9/2009,92.9,95.4,92.9,95.4,3732000
^HASTC,2/6/2009,89.8,93,89.7,92.7,4224900
^HASTC,2/5/2009,93.9,94.2,90.1,90.2,4979900
^HASTC,2/4/2009,93.7,95.4,93.2,93.8,3593500
^HASTC,2/3/2009,98.6,98.6,94.1,94.5,4106400
^HASTC,2/2/2009,100.3,100.3,97.2,98.6,2615600
^HASTC,1/23/2009,100.3,100.8,99.4,99.9,2369800
^HASTC,1/22/2009,99.8,100.7,99.4,100.3,2244100
^HASTC,1/21/2009,100.4,100.7,99.7,99.8,2172000
^HASTC,1/20/2009,102,102.3,100.3,100.7,2789400
^HASTC,1/19/2009,102.9,103.2,102,102,2456656
^HASTC,1/16/2009,103.1,103.7,102.7,102.8,2667900
^HASTC,1/15/2009,104,104,103,103.1,2953000
^HASTC,1/14/2009,104.3,105.7,103.7,104,3416714
^HASTC,1/13/2009,105.8,106,103.6,104.2,3846360
^HASTC,1/12/2009,106.5,106.5,105.2,105.7,5090556
^HASTC,1/9/2009,105.7,106.2,105.3,106.2,4845500
^HASTC,1/8/2009,107.1,107.1,104.6,105.7,5377775
^HASTC,1/7/2009,105.6,108.1,105.6,107,6684450
^HASTC,1/6/2009,103.9,106,103.8,105.5,6272002
^HASTC,1/5/2009,104.4,105.6,103.7,103.8,3481400
^HASTC,1/2/2009,105.3,106.1,104.5,104.5,2903800
^HASTC,12/31/2008,105.5,107.5,104.5,105.1,6129966
^HASTC,12/30/2008,105.5,106.7,105.1,105.4,5398900
^HASTC,12/29/2008,105.6,106.2,104.6,105.5,4536400
^HASTC,12/26/2008,104.7,105.7,104.5,105.6,4515862
^HASTC,12/25/2008,104,105.6,102.9,105,7329146
^HASTC,12/24/2008,105.2,105.2,102.6,104.3,5015200
^HASTC,12/23/2008,108.2,108.3,104.8,105.2,6328900
^HASTC,12/22/2008,107.9,110.3,107.6,107.8,6750700
^HASTC,12/19/2008,107.2,108.2,106.9,107.7,6930000
^HASTC,12/18/2008,107.4,108.8,106.6,108.2,5833200
^HASTC,12/17/2008,106.6,109.3,104.9,107.4,7101200
^HASTC,12/16/2008,110.9,111,106.3,106.6,7106400
^HASTC,12/15/2008,107.4,110.7,107.4,110.3,9380700
^HASTC,12/12/2008,101.9,106.4,101.9,105.9,8509100
^HASTC,12/11/2008,100,101.9,99.3,101.9,6147728
^HASTC,12/10/2008,103,103,98.9,100.2,6057000
^HASTC,12/9/2008,100.3,103.7,100.3,103.1,6020300
^HASTC,12/8/2008,103.5,104.6,99.7,100.1,6384200
^HASTC,12/5/2008,106.7,107.8,103.2,103.5,6433500
^HASTC,12/4/2008,105.6,107.7,105.3,106.6,6288400
^HASTC,12/3/2008,103.8,105.5,103.3,104.2,6266698
^HASTC,12/2/2008,104.2,104.2,101.7,103.5,5047300
^HASTC,12/1/2008,104.8,106.5,102.2,104,6806900
^HASTC,11/28/2008,97.7,104.3,97.2,104.2,9659900
^HASTC,11/27/2008,99.6,100.8,97.2,97.6,7567100
^HASTC,11/26/2008,105.3,105.4,99.5,99.6,7653000
^HASTC,11/25/2008,104.7,107.2,104.1,105.2,5483800
^HASTC,11/24/2008,104.8,107.4,104.3,104.5,7545900
^HASTC,11/21/2008,106.5,106.5,102.8,103.9,6799200
^HASTC,11/20/2008,109.8,109.8,105.7,106.5,7531595
^HASTC,11/19/2008,111.9,113.5,110.3,110.9,6430500
^HASTC,11/18/2008,108.2,111.4,104.4,111.4,7531379
^HASTC,11/17/2008,113.1,113.1,109.8,110.3,4704200
^HASTC,11/14/2008,111,114.7,111,113.1,7967000
^HASTC,11/13/2008,112.4,112.4,106.6,110.6,7475700
^HASTC,11/12/2008,112,113.5,107.5,113,10827400
^HASTC,11/11/2008,118.2,118.2,111.9,112.3,8279465
^HASTC,11/10/2008,120.3,121,117.2,118.3,9572000
^HASTC,11/7/2008,122,122,115.8,116.4,12353000
^HASTC,11/6/2008,126.5,126.8,121.3,122.1,20282100
^HASTC,11/5/2008,121.7,125.2,120.2,125.2,9194900
^HASTC,11/4/2008,113,119.3,112.7,118.6,7748100
^HASTC,11/3/2008,115,116.4,109.4,112.9,8549700
^HASTC,10/31/2008,112.4,115.1,112.4,114.9,7951500
^HASTC,10/30/2008,109.8,112,107.9,111.9,7449800
^HASTC,10/29/2008,107.4,108.2,104.5,107.4,10756700
^HASTC,10/28/2008,104.7,105,98.9,105,9783100
^HASTC,10/27/2008,110.2,110.2,104.7,105.2,7671200
^HASTC,10/24/2008,113.8,114.9,111.1,111.6,8707400
^HASTC,10/23/2008,118.7,118.7,115.2,115.3,8362200
^HASTC,10/22/2008,126.8,126.8,121.8,123,6056774
^HASTC,10/21/2008,129.4,129.8,124.3,126.8,8125100
^HASTC,10/20/2008,126,128.6,122.2,123.1,6025000
^HASTC,10/17/2008,125.9,130.4,124.1,125.3,6148700
^HASTC,10/16/2008,128.9,128.9,123.6,124.3,7926550
^HASTC,10/15/2008,132.6,134,127,132.1,14023400
^HASTC,10/14/2008,119.5,128.4,119.5,128.4,3529400
^HASTC,10/13/2008,119.3,123,117.5,119.3,6853900
^HASTC,10/10/2008,125.1,125.1,119.8,119.9,8414600
^HASTC,10/9/2008,127.5,132.9,122.5,129.3,13933900
^HASTC,10/8/2008,127.9,129.1,126.4,127.5,10081000
^HASTC,10/7/2008,138.5,138.5,134.9,135,7052600
^HASTC,10/6/2008,149.6,151,142.8,143.4,8270400
^HASTC,10/3/2008,153.6,153.6,149.9,152,7673600
^HASTC,10/2/2008,149.8,155.3,149.4,153,10512500
^HASTC,10/1/2008,149.2,152.9,145.7,149.7,11458600
^HASTC,9/30/2008,158.4,158.4,147.8,148.6,6491900
^HASTC,9/29/2008,163.5,163.9,155.3,158,11012500
^HASTC,9/26/2008,162.1,164,156.9,160.3,13392800
^HASTC,9/25/2008,151.5,157.8,150,157,10690900
^HASTC,9/24/2008,152.7,154.3,148.9,151.5,8146000
^HASTC,9/23/2008,155.4,156,147.8,152.6,19947000
^HASTC,9/22/2008,145.9,150.4,145.9,150.4,3452000
^HASTC,9/19/2008,131.8,145.4,131.8,145.7,11649900
^HASTC,9/18/2008,141.7,141.7,136.1,136.1,3801200
^HASTC,9/17/2008,154.1,154.1,144.4,144.7,7916800
^HASTC,9/16/2008,163.5,163.5,151.1,155.1,9120600
^HASTC,9/15/2008,160.2,167,153.1,162.9,19640200
^HASTC,9/12/2008,169.6,169.6,160.2,160.6,6335000
^HASTC,9/11/2008,175.5,175.5,169,169.3,8859300
^HASTC,9/10/2008,177,181.2,172.8,175.2,12989000
^HASTC,9/9/2008,181.3,185.8,176,176.8,15937900
^HASTC,9/8/2008,190.4,190.4,177.6,182.4,22708500
^HASTC,9/5/2008,196.2,197.2,188.9,189.1,16758700
^HASTC,9/4/2008,194.4,202.6,192.5,194.9,15412600
^HASTC,9/3/2008,193.8,196.2,193.1,194.3,6672000
^HASTC,8/29/2008,182,192.4,179.2,192.4,18126300
^HASTC,8/28/2008,192.1,194.9,184.7,185.2,19953800
^HASTC,8/27/2008,192.1,196.8,189.3,190.1,20551400
^HASTC,8/26/2008,173.7,184.7,173.7,184.7,6869600
^HASTC,8/25/2008,165.8,173.5,165.8,173.4,8217100
^HASTC,8/22/2008,165.4,168.2,161.1,164.3,11141380
^HASTC,8/21/2008,157,164.7,155.5,163,11762600
^HASTC,8/20/2008,156.4,158.8,153.2,156.8,13954100
^HASTC,8/19/2008,161.3,163.2,154.4,159.5,16976100
^HASTC,8/18/2008,155.5,159.6,155.5,157.9,10123500
^HASTC,8/15/2008,148.1,151.7,148.1,151.7,3079500
^HASTC,8/14/2008,144.1,146.6,143.5,146.6,9000600
^HASTC,8/13/2008,141.2,142.8,138,142.6,9401400
^HASTC,8/12/2008,139.1,140.9,137.3,139.5,12026200
^HASTC,8/11/2008,136.5,137.2,136,137,3197000
^HASTC,8/8/2008,134.7,135.4,132.8,135.3,6595700
^HASTC,8/7/2008,133.8,135.1,132.2,133.4,8768400
^HASTC,8/6/2008,131.6,135,131.3,134.7,11301600
^HASTC,8/5/2008,136.6,136.6,133.5,133.5,4157500
^HASTC,8/4/2008,139.6,140,136.5,136.5,4548100
^HASTC,8/1/2008,143.6,143.6,140,140.4,5266300
^HASTC,7/31/2008,145.5,145.5,141.4,143.3,6419100
^HASTC,7/30/2008,145.2,146.9,142.3,145.5,9947000
^HASTC,7/29/2008,144.9,146.9,143,143.1,8003500
^HASTC,7/28/2008,139.5,144.6,139.2,144.6,9433800
^HASTC,7/25/2008,140.6,143,140.4,140.8,4750380
^HASTC,7/24/2008,141.8,144.5,140.7,141.3,12920600
^HASTC,7/23/2008,145.7,145.7,142.1,143.5,4447900
^HASTC,7/22/2008,148.3,148.3,143.7,145.7,446100
^HASTC,7/21/2008,148.3,148.3,148.3,148.3,5287500
^HASTC,7/18/2008,149.7,149.7,149.7,149.7,15867400
^HASTC,7/17/2008,151,151,151,151,4263300
^HASTC,7/16/2008,147.7,147.7,147.7,147.7,19317900
^HASTC,7/15/2008,142.8,142.8,142.8,142.8,3105200
^HASTC,7/14/2008,137.3,137.3,137.3,137.3,4026344
^HASTC,7/11/2008,133,133,133,133,4941600
^HASTC,7/10/2008,129.2,129.2,129.2,129.2,4653800
^HASTC,7/9/2008,125.9,125.9,125.9,125.9,5965100
^HASTC,7/8/2008,125.1,125.1,125.1,125.1,11467600
^HASTC,7/7/2008,124.8,124.8,124.8,124.8,17224600
^HASTC,7/4/2008,125.5,125.5,125.5,125.5,4516100
^HASTC,7/3/2008,122.1,122.1,122.1,122.1,3537300
^HASTC,7/2/2008,118.8,118.8,118.8,118.8,8756700
^HASTC,7/1/2008,115,115,115,115,3853700
^HASTC,6/30/2008,112.7,112.7,112.7,112.7,4725500
^HASTC,6/27/2008,112.7,112.7,112.7,112.7,5541400
^HASTC,6/26/2008,111.9,111.9,111.9,111.9,9344200
^HASTC,6/25/2008,112.1,112.1,112.1,112.1,4690800
^HASTC,6/24/2008,109.9,109.9,109.9,109.9,4003300
^HASTC,6/23/2008,110.5,110.5,110.5,110.5,7167870
^HASTC,6/20/2008,110.4,110.4,110.4,110.4,1804800
^HASTC,6/19/2008,112.6,112.6,112.6,112.6,1333400
^HASTC,6/18/2008,113.9,113.9,113.9,113.9,8525000
^HASTC,6/17/2008,116,116,116,116,1741600
^HASTC,6/16/2008,113.8,113.8,113.8,113.8,3340400
^HASTC,6/13/2008,111.1,111.1,111.1,111.1,2733500
^HASTC,6/12/2008,109.5,109.5,109.5,109.5,3322900
^HASTC,6/11/2008,108.5,108.5,108.5,108.5,5987900
^HASTC,6/10/2008,107.8,107.8,107.8,107.8,3020890
^HASTC,6/9/2008,108.5,108.5,108.5,108.5,1071600
^HASTC,6/6/2008,109.9,109.9,109.9,109.9,1226000
^HASTC,6/5/2008,111.7,111.7,111.7,111.7,640600
^HASTC,6/4/2008,113.6,113.6,113.6,113.6,849610
^HASTC,6/3/2008,115.7,115.7,115.7,115.7,2158900
^HASTC,6/2/2008,117.6,117.6,117.6,117.6,1574790
^HASTC,5/30/2008,119.3,119.3,119.3,119.3,2601200
^HASTC,5/29/2008,120.7,120.7,120.7,120.7,3060600
^HASTC,5/28/2008,121.3,121.3,121.3,121.3,2629776
^HASTC,5/27/2008,123.2,123.2,123.2,123.2,555900
^HASTC,5/26/2008,125.5,125.5,125.5,125.5,527780
^HASTC,5/23/2008,127.9,127.9,127.9,127.9,700400
^HASTC,5/22/2008,130.3,130.3,130.3,130.3,481000
^HASTC,5/21/2008,132.8,132.8,132.8,132.8,933940
^HASTC,5/20/2008,135.2,135.2,135.2,135.2,1132700
^HASTC,5/19/2008,137.7,137.7,137.7,137.7,1342500
^HASTC,5/16/2008,139.7,139.7,139.7,139.7,4476200
^HASTC,5/15/2008,142.1,142.1,142.1,142.1,812050
^HASTC,5/14/2008,144.8,144.8,144.8,144.8,272300
^HASTC,5/13/2008,147.9,147.9,147.9,147.9,535700
^HASTC,5/12/2008,151.3,151.3,151.3,151.3,558400
^HASTC,5/9/2008,154.2,154.2,154.2,154.2,1201000
^HASTC,5/8/2008,157.4,157.4,157.4,157.4,798700
^HASTC,5/7/2008,160.6,160.6,160.6,160.6,1307500
^HASTC,5/6/2008,163.9,163.9,163.9,163.9,2007900
^HASTC,5/5/2008,167.1,167.1,167.1,167.1,1878600
^HASTC,4/29/2008,169.1,169.1,169.1,169.1,3255900
^HASTC,4/28/2008,171.1,171.1,171.1,171.1,3659500
^HASTC,4/25/2008,168.9,168.9,168.9,168.9,3523620
^HASTC,4/24/2008,168.1,168.1,168.1,168.1,4843600
^HASTC,4/23/2008,170.4,170.4,170.4,170.4,1948900
^HASTC,4/22/2008,174.3,174.3,174.3,174.3,2469400
^HASTC,4/21/2008,177.3,177.3,177.3,177.3,2727300
^HASTC,4/18/2008,179.8,179.8,179.8,179.8,3696800
^HASTC,4/17/2008,184.7,184.7,184.7,184.7,7444400
^HASTC,4/16/2008,180.9,180.9,180.9,180.9,1909600
^HASTC,4/11/2008,185.6,185.6,185.6,185.6,2187000
^HASTC,4/10/2008,189,189,189,189,1011400
^HASTC,4/9/2008,193.2,193.2,193.2,193.2,3653100
^HASTC,4/8/2008,197.6,197.6,197.6,197.6,13141500
^HASTC,4/7/2008,198.3,198.3,198.3,198.3,1635900
^HASTC,4/4/2008,193.3,193.3,193.3,193.3,619300
^HASTC,4/3/2008,190.3,190.3,190.3,190.3,489800
^HASTC,4/2/2008,187.7,187.7,187.7,187.7,433500
^HASTC,4/1/2008,184.4,184.4,184.4,184.4,568500
^HASTC,3/31/2008,181.4,181.4,181.4,181.4,693800
^HASTC,3/28/2008,178.6,178.6,178.6,178.6,619100
^HASTC,3/27/2008,175.9,175.9,175.9,175.9,739500
^HASTC,3/26/2008,175.3,175.3,175.3,175.3,8271100
^HASTC,3/25/2008,166.6,166.6,166.6,166.6,5358450
^HASTC,3/24/2008,178.6,178.6,178.6,178.6,5113700
^HASTC,3/21/2008,191.9,191.9,191.9,191.9,5133300
^HASTC,3/20/2008,196.2,196.2,196.2,196.2,4174500
^HASTC,3/19/2008,197.8,197.8,197.8,197.8,5507600
^HASTC,3/18/2008,195.8,195.8,195.8,195.8,7646200
^HASTC,3/17/2008,210.2,210.2,210.2,210.2,5196100
^HASTC,3/14/2008,224.7,224.7,224.7,224.7,3480300
^HASTC,3/13/2008,227.5,227.5,227.5,227.5,3462000
^HASTC,3/12/2008,225.4,225.4,225.4,225.4,5549900
^HASTC,3/11/2008,219.5,219.5,219.5,219.5,5972800
^HASTC,3/10/2008,233.1,233.1,233.1,233.1,13050500
^HASTC,3/7/2008,225.6,225.6,225.6,225.6,2645100
^HASTC,3/6/2008,206.5,206.5,206.5,206.5,2144269
^HASTC,3/5/2008,191.4,191.4,191.4,191.4,7281900
^HASTC,3/4/2008,199,199,199,199,5178730
^HASTC,3/3/2008,214.2,214.2,214.2,214.2,4980400
^HASTC,2/29/2008,228.2,228.2,228.2,228.2,3835700
^HASTC,2/28/2008,232.4,232.4,232.4,232.4,3337100
^HASTC,2/27/2008,232.3,232.3,232.3,232.3,4240400
^HASTC,2/26/2008,229.6,229.6,229.6,229.6,4502500
^HASTC,2/25/2008,246.8,246.8,246.8,246.8,4708300
^HASTC,2/22/2008,239,239,239,239,7172500
^HASTC,2/21/2008,237.9,237.9,237.9,237.9,4557300
^HASTC,2/20/2008,257.2,257.2,257.2,257.2,4158700
^HASTC,2/19/2008,268.2,268.2,268.2,268.2,4179600
^HASTC,2/18/2008,269.7,269.7,269.7,269.7,4467300
^HASTC,2/15/2008,282.1,282.1,282.1,282.1,2634500
^HASTC,2/14/2008,285.2,285.2,285.2,285.2,3494700
^HASTC,2/13/2008,283.9,283.9,283.9,283.9,3299200
^HASTC,2/12/2008,290.1,290.1,290.1,290.1,2878300
^HASTC,2/1/2008,298.2,298.2,298.2,298.2,6078700
^HASTC,1/31/2008,294.1,294.1,294.1,294.1,4908900
^HASTC,1/30/2008,296.7,296.7,296.7,296.7,6513100
^HASTC,1/29/2008,278.6,278.6,278.6,278.6,4577900
^HASTC,1/28/2008,271.8,271.8,271.8,271.8,2783300
^HASTC,1/25/2008,271.8,271.8,271.8,271.8,3394126
^HASTC,1/24/2008,270.4,270.4,270.4,270.4,4027500
^HASTC,1/23/2008,271.7,271.7,271.7,271.7,3740400
^HASTC,1/22/2008,279.3,279.3,279.3,279.3,2783400
^HASTC,1/21/2008,284.5,284.5,284.5,284.5,2142600
^HASTC,1/18/2008,288,288,288,288,3237700
^HASTC,1/17/2008,282.9,282.9,282.9,282.9,4258200
^HASTC,1/16/2008,285.6,285.6,285.6,285.6,3507600
^HASTC,1/15/2008,265.8,265.8,265.8,265.8,3459700
^HASTC,1/14/2008,275.7,275.7,275.7,275.7,2644800
^HASTC,1/11/2008,289.6,289.6,289.6,289.6,2462200
^HASTC,1/10/2008,290.8,290.8,290.8,290.8,2793300
^HASTC,1/9/2008,294.7,294.7,294.7,294.7,1764200
^HASTC,1/8/2008,298.9,298.9,298.9,298.9,2448962
^HASTC,1/7/2008,297.6,297.6,297.6,297.6,1998000
^HASTC,1/4/2008,310.5,310.5,310.5,310.5,1548700
^HASTC,1/3/2008,314.5,314.5,314.5,314.5,1592600
^HASTC,1/2/2008,322.3,322.3,322.3,322.3,1867700
^HASTC,12/28/2007,323.6,323.6,323.6,323.6,2461500
^HASTC,12/27/2007,318,318,318,318,1954978
^HASTC,12/26/2007,323.5,323.5,323.5,323.5,2067430
^HASTC,12/25/2007,325.6,325.6,325.6,325.6,1920900
^HASTC,12/24/2007,331.6,331.6,331.6,331.6,2297700
^HASTC,12/21/2007,334,334,334,334,2552700
^HASTC,12/20/2007,327.2,327.2,327.2,327.2,1938786
^HASTC,12/19/2007,331.1,331.1,331.1,331.1,3429700
^HASTC,12/18/2007,319,319,319,319,2659800
^HASTC,12/17/2007,318.5,318.5,318.5,318.5,2083800
^HASTC,12/14/2007,324.9,324.9,324.9,324.9,2481600
^HASTC,12/13/2007,326,326,326,326,2176900
^HASTC,12/12/2007,328.6,328.6,328.6,328.6,3484700
^HASTC,12/11/2007,329.9,329.9,329.9,329.9,2708800
^HASTC,12/10/2007,335.9,335.9,335.9,335.9,2988200
^HASTC,12/7/2007,344.1,344.1,344.1,344.1,3639800
^HASTC,12/6/2007,344.4,344.4,344.4,344.4,3012420
^HASTC,12/5/2007,346.3,346.3,346.3,346.3,3822000
^HASTC,12/4/2007,349.5,349.5,349.5,349.5,5460300
^HASTC,12/3/2007,345.2,345.2,345.2,345.2,3511300
^HASTC,11/30/2007,341.1,341.1,341.1,341.1,2552200
^HASTC,11/29/2007,342.3,342.3,342.3,342.3,3094400
^HASTC,11/28/2007,339.9,339.9,339.9,339.9,2314500
^HASTC,11/27/2007,340.5,340.5,340.5,340.5,3013500
^HASTC,11/26/2007,343.2,343.2,343.2,343.2,2939000
^HASTC,11/23/2007,339,339,339,339,2244050
^HASTC,11/22/2007,338.2,338.2,338.2,338.2,3202200
^HASTC,11/21/2007,335.9,335.9,335.9,335.9,2984400
^HASTC,11/20/2007,340.1,340.1,340.1,340.1,2393680
^HASTC,11/19/2007,345,345,345,345,2135100
^HASTC,11/16/2007,342.7,342.7,342.7,342.7,2566700
^HASTC,11/15/2007,343.4,343.4,343.4,343.4,3166600
^HASTC,11/14/2007,349.7,349.7,349.7,349.7,4027800
^HASTC,11/13/2007,317.7,317.7,317.7,317.7,3494500
^HASTC,11/12/2007,341.8,341.8,341.8,341.8,3136300
^HASTC,11/9/2007,356.6,356.6,356.6,356.6,3889200
^HASTC,11/8/2007,362.9,362.9,362.9,362.9,3130200
^HASTC,11/7/2007,367.6,367.6,367.6,367.6,4103800
^HASTC,11/6/2007,365.9,365.9,365.9,365.9,3918285
^HASTC,11/5/2007,371.6,371.6,371.6,371.6,3919200
^HASTC,11/2/2007,382.9,382.9,382.9,382.9,4438900
^HASTC,11/1/2007,393.6,393.6,393.6,393.6,5234800
^HASTC,10/31/2007,379.2,379.2,379.2,379.2,5489600
^HASTC,10/30/2007,371.4,371.4,371.4,371.4,5607400
^HASTC,10/29/2007,375,375,375,375,5878600
^HASTC,10/26/2007,381.5,381.5,381.5,381.5,7017300
^HASTC,10/25/2007,379.7,379.7,379.7,379.7,6822350
^HASTC,10/24/2007,377.3,377.3,377.3,377.3,6050600
^HASTC,10/23/2007,369.3,369.3,369.3,369.3,6682000
^HASTC,10/22/2007,374.3,374.3,374.3,374.3,4742700
^HASTC,10/19/2007,376.8,376.8,376.8,376.8,5937400
^HASTC,10/18/2007,364.9,364.9,364.9,364.9,4706300
^HASTC,10/17/2007,372.6,372.6,372.6,372.6,6794200
^HASTC,10/16/2007,379.2,379.2,379.2,379.2,7978400
^HASTC,10/15/2007,370.9,370.9,370.9,370.9,6119256
^HASTC,10/12/2007,362.3,362.3,362.3,362.3,5396000
^HASTC,10/11/2007,357.8,357.8,357.8,357.8,4945100
^HASTC,10/10/2007,355.8,355.8,355.8,355.8,4521700
^HASTC,10/9/2007,349.6,349.6,349.6,349.6,4944200
^HASTC,10/8/2007,343.7,343.7,343.7,343.7,4700800
^HASTC,10/5/2007,345.1,345.1,345.1,345.1,5215000
^HASTC,10/4/2007,349.5,349.5,349.5,349.5,6025400
^HASTC,10/3/2007,345.5,345.5,345.5,345.5,5355600
^HASTC,10/2/2007,343,343,343,343,7137100
^HASTC,10/1/2007,334.5,334.5,334.5,334.5,4883100
^HASTC,9/28/2007,309.7,309.7,309.7,309.7,4679800
^HASTC,9/27/2007,295.3,295.3,295.3,295.3,3682400
^HASTC,9/26/2007,292,292,292,292,3375800
^HASTC,9/25/2007,290.3,290.3,290.3,290.3,3415600
^HASTC,9/24/2007,281.3,281.3,281.3,281.3,2405250
^HASTC,9/21/2007,272.5,272.5,272.5,272.5,1769700
^HASTC,9/20/2007,273.6,273.6,273.6,273.6,2803100
^HASTC,9/19/2007,276.6,276.6,276.6,276.6,2715100
^HASTC,9/18/2007,268.7,268.7,268.7,268.7,1841900
^HASTC,9/17/2007,261.8,261.8,261.8,261.8,1292700
^HASTC,9/14/2007,259.5,259.5,259.5,259.5,1319600
^HASTC,9/13/2007,259.2,259.2,259.2,259.2,5648600
^HASTC,9/12/2007,259,259,259,259,1601900
^HASTC,9/11/2007,257.6,257.6,257.6,257.6,1699000
^HASTC,9/10/2007,256.8,256.8,256.8,256.8,1609500
^HASTC,9/7/2007,256.7,256.7,256.7,256.7,1670900
^HASTC,9/6/2007,254.6,254.6,254.6,254.6,991200
^HASTC,9/5/2007,253.7,253.7,253.7,253.7,1098600
^HASTC,9/4/2007,256.1,256.1,256.1,256.1,1066000
^HASTC,8/31/2007,252.6,252.6,252.6,252.6,857600
^HASTC,8/30/2007,251.3,251.3,251.3,251.3,764300
^HASTC,8/29/2007,250.5,250.5,250.5,250.5,640100
^HASTC,8/28/2007,250.7,250.7,250.7,250.7,555200
^HASTC,8/27/2007,250.3,250.3,250.3,250.3,874400
^HASTC,8/24/2007,250.2,250.2,250.2,250.2,918900
^HASTC,8/23/2007,247.4,247.4,247.4,247.4,972200
^HASTC,8/22/2007,246.5,246.5,246.5,246.5,828100
^HASTC,8/21/2007,248.8,248.8,248.8,248.8,1098300
^HASTC,8/20/2007,248.8,248.8,248.8,248.8,842700
^HASTC,8/17/2007,249.4,249.4,249.4,249.4,803400
^HASTC,8/16/2007,252.4,252.4,252.4,252.4,965300
^HASTC,8/15/2007,254.1,254.1,254.1,254.1,780700
^HASTC,8/14/2007,254.2,254.2,254.2,254.2,915400
^HASTC,8/13/2007,254.5,254.5,254.5,254.5,790800
^HASTC,8/10/2007,257.3,257.3,257.3,257.3,1419700
^HASTC,8/9/2007,259.1,259.1,259.1,259.1,1332000
^HASTC,8/8/2007,254.8,254.8,254.8,254.8,630000
^HASTC,8/7/2007,256.1,256.1,256.1,256.1,1056400
^HASTC,8/6/2007,254.5,254.5,254.5,254.5,1111700
^HASTC,8/3/2007,256,256,256,256,825200
^HASTC,8/2/2007,258.5,258.5,258.5,258.5,1275100
^HASTC,8/1/2007,260,260,260,260,1081900
^HASTC,7/31/2007,253.6,253.6,253.6,253.6,1530300
^HASTC,7/30/2007,255.2,255.2,255.2,255.2,1175200
^HASTC,7/27/2007,258.8,258.8,258.8,258.8,773500
^HASTC,7/26/2007,259.5,259.5,259.5,259.5,834500
^HASTC,7/25/2007,263.2,263.2,263.2,263.2,840000
^HASTC,7/24/2007,264.9,264.9,264.9,264.9,610300
^HASTC,7/23/2007,267.1,267.1,267.1,267.1,868100
^HASTC,7/20/2007,267.4,267.4,267.4,267.4,768900
^HASTC,7/19/2007,268.1,268.1,268.1,268.1,821628
^HASTC,7/18/2007,269.8,269.8,269.8,269.8,760960
^HASTC,7/17/2007,272.3,272.3,272.3,272.3,713100
^HASTC,7/16/2007,270.6,270.6,270.6,270.6,898800
^HASTC,7/13/2007,277.4,277.4,277.4,277.4,757500
^HASTC,7/12/2007,273.7,273.7,273.7,273.7,816200
^HASTC,7/11/2007,282.5,282.5,282.5,282.5,1278300
^HASTC,7/10/2007,282,282,282,282,1776400
^HASTC,7/9/2007,270.7,270.7,270.7,270.7,1010100
^HASTC,7/6/2007,268.1,268.1,268.1,268.1,879900
^HASTC,7/5/2007,263.5,263.5,263.5,263.5,979700
^HASTC,7/4/2007,267.9,267.9,267.9,267.9,1485700
^HASTC,7/3/2007,252.6,252.6,252.6,252.6,1353300
^HASTC,7/2/2007,256.3,256.3,256.3,256.3,1237200
^HASTC,6/29/2007,284.7,284.7,284.7,284.7,1232100
^HASTC,6/28/2007,289.7,289.7,289.7,289.7,915050
^HASTC,6/27/2007,293.1,293.1,293.1,293.1,799800
^HASTC,6/26/2007,295.4,295.4,295.4,295.4,997875
^HASTC,6/25/2007,295.9,295.9,295.9,295.9,957500
^HASTC,6/22/2007,299.8,299.8,299.8,299.8,931100
^HASTC,6/21/2007,302.9,302.9,302.9,302.9,1036300
^HASTC,6/20/2007,309.9,309.9,309.9,309.9,1025300
^HASTC,6/19/2007,313.1,313.1,313.1,313.1,1253475
^HASTC,6/18/2007,315.2,315.2,315.2,315.2,1139800
^HASTC,6/15/2007,313.5,313.5,313.5,313.5,1194000
^HASTC,6/14/2007,315.9,315.9,315.9,315.9,1402680
^HASTC,6/13/2007,313,313,313,313,1005400
^HASTC,6/12/2007,318,318,318,318,1660600
^HASTC,6/11/2007,322.3,322.3,322.3,322.3,5265200
^HASTC,6/8/2007,327.7,327.7,327.7,327.7,1588500
^HASTC,6/7/2007,328.8,328.8,328.8,328.8,1532700
^HASTC,6/6/2007,328.8,328.8,328.8,328.8,1658600
^HASTC,6/5/2007,327.5,327.5,327.5,327.5,1605400
^HASTC,6/4/2007,330.3,330.3,330.3,330.3,1036900
^HASTC,6/1/2007,336.3,336.3,336.3,336.3,1496100
^HASTC,5/31/2007,337.3,337.3,337.3,337.3,1309300
^HASTC,5/30/2007,335.8,335.8,335.8,335.8,1687400
^HASTC,5/29/2007,340.9,340.9,340.9,340.9,1920500
^HASTC,5/28/2007,343.1,343.1,343.1,343.1,1865000
^HASTC,5/25/2007,346.7,346.7,346.7,346.7,1888300
^HASTC,5/24/2007,343.9,343.9,343.9,343.9,1582200
^HASTC,5/23/2007,348.3,348.3,348.3,348.3,3310800
^HASTC,5/22/2007,347.3,347.3,347.3,347.3,2734600
^HASTC,5/21/2007,340.4,340.4,340.4,340.4,1763700
^HASTC,5/18/2007,337.9,337.9,337.9,337.9,2096900
^HASTC,5/17/2007,337.2,337.2,337.2,337.2,1582700
^HASTC,5/16/2007,334.6,334.6,334.6,334.6,1125300
^HASTC,5/15/2007,337.2,337.2,337.2,337.2,1775200
^HASTC,5/14/2007,338.1,338.1,338.1,338.1,1780200
^HASTC,5/11/2007,335.5,335.5,335.5,335.5,1299200
^HASTC,5/10/2007,331.1,331.1,331.1,331.1,926500
^HASTC,5/9/2007,334.2,334.2,334.2,334.2,1335700
^HASTC,5/8/2007,331.2,331.2,331.2,331.2,2367500
^HASTC,5/7/2007,327.2,327.2,327.2,327.2,1240400
^HASTC,5/4/2007,319.4,319.4,319.4,319.4,708800
^HASTC,5/3/2007,323.5,323.5,323.5,323.5,752100
^HASTC,5/2/2007,329.2,329.2,329.2,329.2,974300
^HASTC,4/25/2007,332.8,332.8,332.8,332.8,1455200
^HASTC,4/24/2007,319.5,319.5,319.5,319.5,1672740
^HASTC,4/23/2007,321.4,321.4,321.4,321.4,1264000
^HASTC,4/20/2007,365.6,365.6,365.6,365.6,1151600
^HASTC,4/19/2007,374.4,374.4,374.4,374.4,1636800
^HASTC,4/18/2007,385.6,385.6,385.6,385.6,1385800
^HASTC,4/17/2007,365.6,365.6,365.6,365.6,1832000
^HASTC,4/16/2007,366.2,366.2,366.2,366.2,1331100
^HASTC,4/13/2007,392.1,392.1,392.1,392.1,1440000
^HASTC,4/12/2007,394.1,394.1,394.1,394.1,1282400
^HASTC,4/11/2007,404.8,404.8,404.8,404.8,1067900
^HASTC,4/10/2007,405.2,405.2,405.2,405.2,1218400
^HASTC,4/9/2007,400.9,400.9,400.9,400.9,1399100
^HASTC,4/6/2007,398.7,398.7,398.7,398.7,1685900
^HASTC,4/5/2007,393,393,393,393,1558100
^HASTC,4/4/2007,400.5,400.5,400.5,400.5,2100600
^HASTC,4/3/2007,385.2,385.2,385.2,385.2,1230500
^HASTC,4/2/2007,391.8,391.8,391.8,391.8,1458600
^HASTC,3/30/2007,404.1,404.1,404.1,404.1,3338800
^HASTC,3/29/2007,407.5,407.5,407.5,407.5,1731000
^HASTC,3/28/2007,405.2,405.2,405.2,405.2,1986700
^HASTC,3/27/2007,371.9,371.9,371.9,371.9,1681760
^HASTC,3/26/2007,397.2,397.2,397.2,397.2,1620000
^HASTC,3/23/2007,430.1,430.1,430.1,430.1,2310300
^HASTC,3/22/2007,437.3,437.3,437.3,437.3,2188700
^HASTC,3/21/2007,443,443,443,443,2229400
^HASTC,3/20/2007,446.1,446.1,446.1,446.1,3125600
^HASTC,3/19/2007,459.4,459.4,459.4,459.4,4058000
^HASTC,3/16/2007,448.4,448.4,448.4,448.4,2946800
^HASTC,3/15/2007,421.3,421.3,421.3,421.3,2267400
^HASTC,3/14/2007,431.8,431.8,431.8,431.8,2748200
^HASTC,3/13/2007,447,447,447,447,3841300
^HASTC,3/12/2007,454.8,454.8,454.8,454.8,4111800
^HASTC,3/9/2007,454.8,454.8,454.8,454.8,4098900
^HASTC,3/8/2007,450.8,450.8,450.8,450.8,3452300
^HASTC,3/7/2007,445.8,445.8,445.8,445.8,3201600
^HASTC,3/6/2007,440.5,440.5,440.5,440.5,3937700
^HASTC,3/5/2007,435.6,435.6,435.6,435.6,3416000
^HASTC,3/2/2007,418.9,418.9,418.9,418.9,3134200
^HASTC,3/1/2007,424.7,424.7,424.7,424.7,3538100
^HASTC,2/13/2007,354.6,354.6,354.6,354.6,3024400
^HASTC,2/12/2007,346.9,346.9,346.9,346.9,2237300
^HASTC,2/8/2007,340.2,340.2,340.2,340.2,3141900
^HASTC,2/5/2007,344.3,344.3,344.3,344.3,3421700
^HASTC,2/2/2007,346.7,346.7,346.7,346.7,2693800
^HASTC,2/1/2007,347.4,347.4,347.4,347.4,3032800
^HASTC,1/31/2007,348.5,348.5,348.5,348.5,3719500
^HASTC,1/30/2007,337.3,337.3,337.3,337.3,3489600
^HASTC,1/29/2007,324.2,324.2,324.2,324.2,2206400
^HASTC,1/26/2007,317.6,317.6,317.6,317.6,1848900
^HASTC,1/25/2007,316.6,316.6,316.6,316.6,2062800
^HASTC,1/24/2007,326.2,326.2,326.2,326.2,2774590
^HASTC,1/23/2007,324.8,324.8,324.8,324.8,2704600
^HASTC,1/22/2007,318.9,318.9,318.9,318.9,3511400
^HASTC,1/19/2007,321.6,321.6,321.6,321.6,2905900
^HASTC,1/18/2007,315.9,315.9,315.9,315.9,3841100
^HASTC,1/17/2007,311.2,311.2,311.2,311.2,3179200
^HASTC,1/16/2007,322.8,322.8,322.8,322.8,3430100
^HASTC,1/15/2007,323.3,323.3,323.3,323.3,3182100
^HASTC,1/12/2007,309.3,309.3,309.3,309.3,3316300
^HASTC,1/11/2007,301,301,301,301,5487620
^HASTC,1/10/2007,291.2,291.2,291.2,291.2,3633000
^HASTC,1/9/2007,279.2,279.2,279.2,279.2,4030050
^HASTC,1/8/2007,266.6,266.6,266.6,266.6,2902600
^HASTC,1/5/2007,265.7,265.7,265.7,265.7,3133600
^HASTC,1/4/2007,258.1,258.1,258.1,258.1,2235860
^HASTC,1/3/2007,246.3,246.3,246.3,246.3,1590800
^HASTC,1/2/2007,241.9,241.9,241.9,241.9,1400400
^HASTC,12/29/2006,242.8,242.8,242.8,242.8,1632100
^HASTC,12/28/2006,243.4,243.4,243.4,243.4,2013260
^HASTC,12/27/2006,241.5,241.5,241.5,241.5,1439000
^HASTC,12/26/2006,237,237,237,237,1104000
^HASTC,12/25/2006,232.5,232.5,232.5,232.5,1279400
^HASTC,12/22/2006,236.7,236.7,236.7,236.7,629400
^HASTC,12/21/2006,251.1,251.1,251.1,251.1,1839800
^HASTC,12/20/2006,258.8,258.8,258.8,258.8,2185000
^HASTC,12/19/2006,257.4,257.4,257.4,257.4,2207200
^HASTC,12/18/2006,252.6,252.6,252.6,252.6,1535600
^HASTC,12/15/2006,245.4,245.4,245.4,245.4,1755200
^HASTC,12/14/2006,240.2,240.2,240.2,240.2,1372800
^HASTC,12/13/2006,232.3,232.3,232.3,232.3,1001700
^HASTC,12/12/2006,228.3,228.3,228.3,228.3,1018800
^HASTC,12/11/2006,229.7,229.7,229.7,229.7,1119000
^HASTC,12/8/2006,224.9,224.9,224.9,224.9,612800
^HASTC,12/7/2006,220.5,220.5,220.5,220.5,614900
^HASTC,12/6/2006,214.8,214.8,214.8,214.8,648000
^HASTC,12/5/2006,215,215,215,215,767200
^HASTC,12/4/2006,219.6,219.6,219.6,219.6,577700
^HASTC,12/1/2006,221.9,221.9,221.9,221.9,572300
^HASTC,11/30/2006,223.8,223.8,223.8,223.8,568300
^HASTC,11/29/2006,221.8,221.8,221.8,221.8,907100
^HASTC,11/28/2006,226.1,226.1,226.1,226.1,756500
^HASTC,11/27/2006,226.8,226.8,226.8,226.8,648700
^HASTC,11/24/2006,237.5,237.5,237.5,237.5,1054900
^HASTC,11/23/2006,224,224,224,224,578600
^HASTC,11/22/2006,209.9,209.9,209.9,209.9,412000
^HASTC,11/21/2006,202.9,202.9,202.9,202.9,263000
^HASTC,11/20/2006,197.2,197.2,197.2,197.2,229100
^HASTC,11/17/2006,195.8,195.8,195.8,195.8,202700
^HASTC,11/16/2006,193,193,193,193,103100
^HASTC,11/15/2006,194.7,194.7,194.7,194.7,112200
^HASTC,11/14/2006,195.8,195.8,195.8,195.8,152100
^HASTC,11/13/2006,196.3,196.3,196.3,196.3,118500
^HASTC,11/10/2006,198.6,198.6,198.6,198.6,144700
^HASTC,11/9/2006,201.4,201.4,201.4,201.4,191300
^HASTC,11/8/2006,200.2,200.2,200.2,200.2,176900
^HASTC,11/7/2006,195.6,195.6,195.6,195.6,154700
^HASTC,11/6/2006,193.5,193.5,193.5,193.5,107800
^HASTC,11/3/2006,192.2,192.2,192.2,192.2,125800
^HASTC,11/2/2006,192.4,192.4,192.4,192.4,115800
^HASTC,11/1/2006,191.8,191.8,191.8,191.8,152300
^HASTC,10/31/2006,191.6,191.6,191.6,191.6,100400
^HASTC,10/30/2006,192.4,192.4,192.4,192.4,246200
^HASTC,10/27/2006,192.1,192.1,192.1,192.1,123300
^HASTC,10/26/2006,191.3,191.3,191.3,191.3,83600
^HASTC,10/25/2006,191.4,191.4,191.4,191.4,55500
^HASTC,10/24/2006,191.3,191.3,191.3,191.3,49800
^HASTC,10/23/2006,191.9,191.9,191.9,191.9,106700
^HASTC,10/20/2006,192.1,192.1,192.1,192.1,81600
^HASTC,10/19/2006,192.1,192.1,192.1,192.1,169200
^HASTC,10/18/2006,191.8,191.8,191.8,191.8,91000
^HASTC,10/17/2006,192,192,192,192,79000
^HASTC,10/16/2006,192.5,192.5,192.5,192.5,182500
^HASTC,10/13/2006,193.8,193.8,193.8,193.8,193500
^HASTC,10/12/2006,194,194,194,194,128500
^HASTC,10/11/2006,194.4,194.4,194.4,194.4,182600
^HASTC,10/10/2006,193.9,193.9,193.9,193.9,164500
^HASTC,10/9/2006,195,195,195,195,229900
^HASTC,10/6/2006,195,195,195,195,200700
^HASTC,10/5/2006,194.8,194.8,194.8,194.8,362300
^HASTC,10/4/2006,194.2,194.2,194.2,194.2,171900
^HASTC,10/3/2006,194.7,194.7,194.7,194.7,137600
^HASTC,10/2/2006,194.4,194.4,194.4,194.4,128200
^HASTC,9/29/2006,194.5,194.5,194.5,194.5,184700
^HASTC,9/28/2006,194.5,194.5,194.5,194.5,187000
^HASTC,9/27/2006,194.8,194.8,194.8,194.8,252400
^HASTC,9/26/2006,194.4,194.4,194.4,194.4,261800
^HASTC,9/25/2006,194,194,194,194,229200
^HASTC,9/22/2006,194,194,194,194,86000
^HASTC,9/21/2006,195,195,195,195,141800
^HASTC,9/20/2006,195.8,195.8,195.8,195.8,155100
^HASTC,9/19/2006,195.8,195.8,195.8,195.8,176400
^HASTC,9/18/2006,196.2,196.2,196.2,196.2,117400
^HASTC,9/15/2006,195.3,195.3,195.3,195.3,138700
^HASTC,9/14/2006,197.2,197.2,197.2,197.2,156500
^HASTC,9/13/2006,197.5,197.5,197.5,197.5,221500
^HASTC,9/12/2006,196.5,196.5,196.5,196.5,205500
^HASTC,9/11/2006,198.7,198.7,198.7,198.7,283400
^HASTC,9/8/2006,198.8,198.8,198.8,198.8,256400
^HASTC,9/7/2006,196.7,196.7,196.7,196.7,181900
^HASTC,9/6/2006,197.8,197.8,197.8,197.8,188900
^HASTC,9/5/2006,198.8,198.8,198.8,198.8,260000
^HASTC,9/1/2006,194.2,194.2,194.2,194.2,242400
^HASTC,8/31/2006,193.1,193.1,193.1,193.1,251400
^HASTC,8/30/2006,193.1,193.1,193.1,193.1,280900
^HASTC,8/29/2006,193.9,193.9,193.9,193.9,224200
^HASTC,8/28/2006,192.6,192.6,192.6,192.6,136400
^HASTC,8/25/2006,193.1,193.1,193.1,193.1,145200
^HASTC,8/24/2006,190.9,190.9,190.9,190.9,121400
^HASTC,8/23/2006,191,191,191,191,340700
^HASTC,8/22/2006,190.5,190.5,190.5,190.5,246600
^HASTC,8/21/2006,196.9,196.9,196.9,196.9,169700
^HASTC,8/18/2006,198.9,198.9,198.9,198.9,552100
^HASTC,8/17/2006,197.8,197.8,197.8,197.8,563300
^HASTC,8/16/2006,189.2,189.2,189.2,189.2,227800
^HASTC,8/15/2006,184.4,184.4,184.4,184.4,334500
^HASTC,8/14/2006,188.7,188.7,188.7,188.7,361800
^HASTC,8/11/2006,179.5,179.5,179.5,179.5,247000
^HASTC,8/10/2006,178.2,178.2,178.2,178.2,129200
^HASTC,8/9/2006,178.6,178.6,178.6,178.6,127900
^HASTC,8/8/2006,177.7,177.7,177.7,177.7,153800
^HASTC,8/7/2006,177.6,177.6,177.6,177.6,228400
^HASTC,8/4/2006,178.7,178.7,178.7,178.7,271600
^HASTC,8/3/2006,173.7,173.7,173.7,173.7,282400
^HASTC,8/2/2006,168.7,168.7,168.7,168.7,321200
^HASTC,8/1/2006,170.6,170.6,170.6,170.6,223600
^HASTC,7/31/2006,170.1,170.1,170.1,170.1,208800
^HASTC,7/28/2006,174.1,174.1,174.1,174.1,181600
^HASTC,7/27/2006,173.2,173.2,173.2,173.2,329000
^HASTC,7/26/2006,165.1,165.1,165.1,165.1,230000
^HASTC,7/25/2006,165.3,165.3,165.3,165.3,188100
^HASTC,7/24/2006,175.8,175.8,175.8,175.8,186700
^HASTC,7/21/2006,179.5,179.5,179.5,179.5,137200
^HASTC,7/20/2006,178.6,178.6,178.6,178.6,134900
^HASTC,7/19/2006,179.3,179.3,179.3,179.3,87100
^HASTC,7/18/2006,183.2,183.2,183.2,183.2,101200
^HASTC,7/17/2006,184.8,184.8,184.8,184.8,198100
^HASTC,7/14/2006,185.4,185.4,185.4,185.4,146300
^HASTC,7/13/2006,182.9,182.9,182.9,182.9,61300
^HASTC,7/12/2006,183.4,183.4,183.4,183.4,66800
^HASTC,7/11/2006,183.7,183.7,183.7,183.7,55000
^HASTC,7/10/2006,184.6,184.6,184.6,184.6,37300
^HASTC,7/7/2006,185.9,185.9,185.9,185.9,84200
^HASTC,7/6/2006,185.4,185.4,185.4,185.4,82400
^HASTC,7/5/2006,183.7,183.7,183.7,183.7,104300
^HASTC,7/4/2006,185.1,185.1,185.1,185.1,78900
^HASTC,7/3/2006,188,188,188,188,210900
^HASTC,6/30/2006,190.7,190.7,190.7,190.7,228600
^HASTC,6/29/2006,186.7,186.7,186.7,186.7,267600
^HASTC,6/28/2006,186.2,186.2,186.2,186.2,204000
^HASTC,6/27/2006,185.4,185.4,185.4,185.4,229900
^HASTC,6/26/2006,186.6,186.6,186.6,186.6,222900
^HASTC,6/23/2006,189.8,189.8,189.8,189.8,321600
^HASTC,6/22/2006,195.7,195.7,195.7,195.7,434900
^HASTC,6/21/2006,177.7,177.7,177.7,177.7,229000
^HASTC,6/20/2006,190,190,190,190,157100
^HASTC,6/19/2006,195.8,195.8,195.8,195.8,182100
^HASTC,6/16/2006,197.6,197.6,197.6,197.6,234700
^HASTC,6/15/2006,201.8,201.8,201.8,201.8,261500
^HASTC,6/14/2006,201.3,201.3,201.3,201.3,306400
^HASTC,6/13/2006,200.2,200.2,200.2,200.2,365000
^HASTC,6/12/2006,201.9,201.9,201.9,201.9,374800
^HASTC,6/9/2006,208,208,208,208,322000
^HASTC,6/8/2006,211.5,211.5,211.5,211.5,168900
^HASTC,6/7/2006,208.5,208.5,208.5,208.5,204800
^HASTC,6/6/2006,213.6,213.6,213.6,213.6,297100
^HASTC,6/5/2006,219.2,219.2,219.2,219.2,461800
^HASTC,6/2/2006,216,216,216,216,580000
^HASTC,6/1/2006,205.1,205.1,205.1,205.1,452300
^HASTC,5/31/2006,192.9,192.9,192.9,192.9,657300
^HASTC,5/29/2006,201.4,201.4,201.4,201.4,366500
^HASTC,5/26/2006,217.2,217.2,217.2,217.2,364400
^HASTC,5/24/2006,224.8,224.8,224.8,224.8,517400
^HASTC,5/22/2006,231.5,231.5,231.5,231.5,471700
^HASTC,5/19/2006,238.1,238.1,238.1,238.1,467500
^HASTC,5/17/2006,247.6,247.6,247.6,247.6,352800
^HASTC,5/15/2006,250.5,250.5,250.5,250.5,493100
^HASTC,5/12/2006,240.7,240.7,240.7,240.7,584300
^HASTC,5/10/2006,218.4,218.4,218.4,218.4,238500
^HASTC,5/8/2006,237.1,237.1,237.1,237.1,447300
^HASTC,5/5/2006,233.9,233.9,233.9,233.9,479800
^HASTC,5/3/2006,227.5,227.5,227.5,227.5,408000
^HASTC,4/28/2006,222.8,222.8,222.8,222.8,458400
^HASTC,4/26/2006,224.2,224.2,224.2,224.2,451600
^HASTC,4/24/2006,207.5,207.5,207.5,207.5,409000
^HASTC,4/21/2006,201.6,201.6,201.6,201.6,509000
^HASTC,4/19/2006,193.8,193.8,193.8,193.8,329200
^HASTC,4/17/2006,182.9,182.9,182.9,182.9,399200
^HASTC,4/14/2006,171.9,171.9,171.9,171.9,154000
^HASTC,4/12/2006,159.8,159.8,159.8,159.8,287400
^HASTC,4/10/2006,170.6,170.6,170.6,170.6,161800
^HASTC,4/7/2006,179.7,179.7,179.7,179.7,197900
^HASTC,4/5/2006,184.8,184.8,184.8,184.8,314000
^HASTC,4/3/2006,188,188,188,188,219700
^HASTC,3/31/2006,178.9,178.9,178.9,178.9,93200
^HASTC,3/29/2006,169.8,169.8,169.8,169.8,284680
^HASTC,3/27/2006,163.6,163.6,163.6,163.6,105300
^HASTC,3/24/2006,155.9,155.9,155.9,155.9,196300
^HASTC,3/22/2006,150.6,150.6,150.6,150.6,185900
^HASTC,3/20/2006,145.8,145.8,145.8,145.8,113700
^HASTC,3/17/2006,144,144,144,144,121400
^HASTC,3/15/2006,140,140,140,140,97400
^HASTC,3/13/2006,135.5,135.5,135.5,135.5,100000
^HASTC,3/10/2006,133.2,133.2,133.2,133.2,110300
^HASTC,3/8/2006,131.1,131.1,131.1,131.1,77900
^HASTC,3/6/2006,122.6,122.6,122.6,122.6,41400
^HASTC,3/3/2006,112.1,112.1,112.1,112.1,30900
^HASTC,3/1/2006,105.2,105.2,105.2,105.2,21400
^HASTC,2/27/2006,98.8,98.8,98.8,98.8,5900
^HASTC,2/24/2006,94.4,94.4,94.4,94.4,21900
^HASTC,2/22/2006,94.6,94.6,94.6,94.6,21600
^HASTC,2/20/2006,97.2,97.2,97.2,97.2,4000
^HASTC,2/17/2006,97.1,97.1,97.1,97.1,8600
^HASTC,2/15/2006,98.3,98.3,98.3,98.3,14100
^HASTC,2/13/2006,97.4,97.4,97.4,97.4,11600
^HASTC,2/10/2006,97.6,97.6,97.6,97.6,17600
^HASTC,2/8/2006,96.3,96.3,96.3,96.3,24700
^HASTC,2/6/2006,95.7,95.7,95.7,95.7,24100
^HASTC,1/25/2006,94.1,94.1,94.1,94.1,10300
^HASTC,1/23/2006,93.6,93.6,93.6,93.6,4900
^HASTC,1/20/2006,93.6,93.6,93.6,93.6,29000
^HASTC,1/18/2006,93.7,93.7,93.7,93.7,3900
^HASTC,1/16/2006,93.5,93.5,93.5,93.5,9000
^HASTC,1/13/2006,90.6,90.6,90.6,90.6,400
^HASTC,1/11/2006,90.8,90.8,90.8,90.8,400
^HASTC,1/9/2006,90.8,90.8,90.8,90.8,100
^HASTC,1/6/2006,90.9,90.9,90.9,90.9,1600
^HASTC,1/4/2006,91.3,91.3,91.3,91.3,2100
